Symbol,Facility Gov ID,Facility Year
EXP,1007404,2011
PCG,1011288,2015
TSN,1012009,2011
ASH,1005604,2019
PLCE,1000027,2011
NUE,1010766,2015
AAMC,1007840,2010
KRA,1002542,2019
ADM,1006080,2011
MPC,1007741,2018
ANDE,1007933,2015
GE,1010642,2015
HEQ,1000047,2018
ATUS,1000047,2018
ALSN,1000048,2019
BKH,1007510,2011
CHCO,1007189,2015
MTX,1000056,2011
PAGP,1010617,2019
LMT,1006066,2011
AGR,1007035,2017
CHCO,1001487,2011
CC,1007916,2015
CWEN,1011303,2019
DEA,1010750,2010
ASIX,1000630,2016
CHCO,1000090,2015
CHCO,1000091,2015
NGS,1009493,2011
EXC,1006220,2010
VST,1007887,2018
NRG,1000883,2011
F,1012974,2012
DRE,1009685,2011
OTTR,1007420,2011
IDA,1007379,2019
RS,1004478,2011
LNT,1008674,2011
NGS,1000137,2019
HFC,1007972,2011
XEL,1009543,2015
BRK/A,1012051,2015
ALE,1002966,2015
AEE,1010812,2011
CHCO,1000161,2015
PNM,1009888,2011
STT^G,1000165,2011
WRK,1012002,2015
DTB,1009717,2011
ENB,1006782,2016
GLT,1004199,2015
PG,1000186,2015
NRUC,1010637,2017
WCN,1013630,2019
IP,1010299,2011
BBU,1013566,2019
KMI,1012158,2014
DEN,1011244,2015
ALP^Q,1000226,2015
UFS,1005994,2015
REYN,1003501,2019
EMN,1007438,2019
PEBK,1000234,2016
PNW,1007299,2011
ENB,1012421,2019
PBA,1006841,2018
MGEE,1008035,2015
AEP,1000251,2019
WLK,1006621,2011
AEP,1000259,2018
INGR,1010590,2015
D,1012971,2017
DIAX,1012895,2019
CVA,1000293,2011
CTA^A,1000295,2019
CHCO,1004438,2015
BAC,1000328,2016
LYB,1007562,2019
GPP,1006694,2019
AIRI,1010702,2015
MDU,1009714,2011
SON,1004961,2011
SKYT,1000354,2017
BCEI,1010318,2015
GDP,1000363,2011
SO,1012259,2019
CHCO,1000365,2015
CHCO,1007434,2015
CHCO,1001032,2015
NLS,1001283,2018
AEP,1010604,2019
ABT,1003205,2011
GM,1012328,2019
CHCO,1000381,2015
BIIB,1000383,2019
CHCO,1006602,2015
STT^G,1006948,2011
AP,1000399,2011
GPK,1000602,2017
SRE,1005063,2011
MINN,1001045,2011
WEC,1001966,2014
CHCO,1000423,2015
MMSI,1010657,2015
PCG,1009578,2015
NEM,1000446,2011
CHCO,1005802,2015
EVRG,1009620,2019
FLIC,1000450,2015
AEP,1011323,2015
GE,1001119,2011
CHCO,1000461,2015
CHCO,1006727,2015
CHCO,1000471,2015
BAC,1000474,2016
CHCO,1000477,2015
NGS,1000479,2015
UGI,1005570,2011
PCG,1000491,2018
CHCO,1001059,2019
CVX,1007237,2010
AEP,1000528,2015
CMS,1008055,2011
LEV,1000539,2010
EP^C,1009917,2011
MGU,1011650,2019
BANC,1013042,2019
CHCO,1000564,2015
ED,1007071,2011
CHCO,1000569,2015
CPSH,1009000,2011
HUN,1000592,2015
LW,1000607,2016
USFD,1000610,2016
HON,1000631,2012
BA,1000640,2015
WEC,1010794,2015
EAI,1007353,2011
EMN,1004957,2010
CHCO,1003969,2019
CHCO,1003491,2015
STLD,1006972,2011
CHCO,1004207,2019
PEG,1007330,2011
CHCO,1012074,2015
CEQP,1009888,2019
NGG,1002604,2011
CHCO,1000784,2015
AQN,1000795,2016
NI,1010121,2011
ATUS,1001914,2010
NSTB,1001276,2015
OGE,1007445,2011
CLMT,1011298,2015
CHCO,1004954,2015
KMB,1006065,2011
UG,1000872,2015
CPLP,1000883,2019
FTF,1000881,2019
AEP,1007533,2011
FE,1009854,2019
CHCO,1000996,2015
FNV,1009780,2011
CHCO,1001059,2015
NEE,1009614,2011
AEP,1001018,2015
NWE,1009724,2010
AVA,1010805,2011
MINN,1001024,2015
NWE,1007420,2015
CHCO,1001032,2015
CHCO,1001047,2015
LECO,1001045,2011
PBF,1012865,2019
CHCO,1001059,2015
CHCO,1001060,2015
IPLDP,1001060,2011
CHCO,1001060,2015
CHCO,1001060,2015
CHCO,1001088,2015
CHCO,1006024,2019
D,1001159,2011
CHCO,1013054,2019
CHCO,1001117,2015
CHCO,1001551,2019
DTE,1001120,2015
CHCO,1005113,2015
CHCO,1001123,2016
TVC,1001127,2011
OXY,1009858,2011
CHCO,1010076,2019
AES,1005310,2011
PSX,1010522,2015
GBIO,1001174,2017
VST,1001234,2018
ADS,1007920,2019
CPLP,1001225,2016
ARES,1001232,2019
BKCC,1001232,2019
ET,1013727,2019
VRS,1001237,2014
AEP,1001249,2019
FTOC,1006645,2019
ASPU,1001256,2015
BBU,1001257,2015
MRK,1007268,2011
FSSI,1001269,2011
ES,1007107,2016
STT^G,1004271,2011
PII,1001291,2017
PII,1001292,2017
ULCC,1001303,2019
GNTX,1001340,2016
WM,1001351,2015
PII,1001352,2019
ATO,1006523,2011
AEP,1001416,2011
AEP,1001586,2011
CHCO,1007233,2019
HA,1010344,2019
EIX,1006728,2010
CHCO,1009555,2019
CHCO,1001459,2015
CHCO,1001500,2015
CHCO,1001500,2015
CFG,1003401,2011
PPL,1004253,2011
CHCO,1001580,2015
BK,1002843,2019
ENLC,1011474,2015
CHCO,1007708,2015
CHCO,1001614,2015
WM,1001623,2011
WM,1001627,2015
XOM,1003555,2014
COP,1011908,2015
KOP,1001632,2011
AEIS,1011271,2017
TRGP,1012845,2018
CHNR,1012465,2019
CHCO,1001679,2015
BTU,1011886,2015
SR,1005967,2017
CTA^A,1013711,2019
OLN,1009832,2011
BF/A,1001726,2011
DE,1002458,2011
CHCO,1001770,2015
PEP,1005677,2015
BPMP,1012341,2019
DVN,1011485,2015
HES,1007595,2011
EP^C,1009903,2011
WTI,1011629,2015
AEIS,1010287,2015
FLIC,1001811,2019
TM,1009987,2015
NFG,1001829,2011
MH^C,1003902,2011
HMC,1005341,2010
USFD,1013323,2019
REGI,1001865,2019
BPRN,1001868,2019
SIBN,1003966,2011
AA,1012517,2017
SUP,1001881,2011
WM,1001887,2011
FCX,1011809,2015
CSWC,1001908,2019
AEMD,1001921,2015
CHCO,1001925,2015
HII,1001958,2019
CHCO,1001960,2015
OI,1007823,2019
TSE,1001962,2015
VLO,1007786,2012
NOC,1002570,2018
TXT,1007980,2011
RSG,1003101,2010
WM,1002004,2015
HBP,1006449,2015
OC,1013294,2019
ELAN,1002020,2019
DCP,1006407,2015
BUD,1006904,2017
AEIS,1002074,2011
BPMP,1011285,2015
KALU,1007957,2011
TAP,1002057,2019
CHCO,1002065,2015
EXPR,1012923,2019
SHW,1013536,2019
CHCO,1006615,2015
EXPR,1002931,2019
CLMT,1010950,2015
ORAN,1012110,2011
BANC,1002105,2011
CENX,1006853,2015
LECO,1002114,2019
AIRI,1006943,2011
RFP,1004416,2015
SGRP,1002131,2015
REGI,1002138,2019
CHCO,1007970,2019
CHCO,1002159,2015
CVI,1002310,2011
CHCO,1002171,2015
MUSA,1012583,2019
USLM,1002397,2011
K,1002258,2011
CMC,1005346,2011
CNP,1002244,2011
NGVT,1003749,2016
ROG,1002251,2011
QMCO,1002251,2015
CHNR,1002251,2011
POST,1002251,2011
WM,1002251,2019
CHNR,1012510,2019
OKE,1011778,2014
CQP,1002259,2011
THO,1002260,2019
POWL,1002265,2015
AEHL,1002265,2015
COG,1002265,2015
PATK,1002265,2015
SBCF,1002268,2019
STT^G,1002270,2011
CHCO,1002273,2015
CF,1005788,2011
CRD/A,1002276,2019
ERII,1002277,2015
USFD,1002287,2011
XRX,1002304,2011
CX,1007997,2011
CAT,1005990,2011
CHCO,1002328,2019
CHCO,1003144,2019
CHCO,1002351,2015
AREC,1002356,2019
WPCA,1002358,2019
CHCO,1002359,2015
BAC,1002367,2019
BPMP,1013662,2019
BK,1002399,2015
MH^C,1006911,2019
GIS,1004579,2011
MH^C,1007402,2019
WM,1002436,2015
KRA,1005866,2019
PBT,1010406,2016
CHCO,1002457,2015
GLW,1006643,2011
ARNC,1013022,2016
CHCO,1002484,2015
MH^C,1004072,2015
CHCO,1002511,2015
CHCO,1006191,2011
CHCO,1002513,2015
WM,1012528,2016
CTVA,1007805,2019
CHCO,1002538,2015
CHCO,1002545,2015
CHCO,1002546,2015
WM,1006351,2015
CHCO,1002550,2015
CHCO,1002554,2015
JELD,1002559,2019
WM,1007677,2019
AROC,1007169,2016
TALO,1013166,2019
NSC,1002572,2015
MMM,1007698,2011
CHCO,1002581,2015
MUJ,1002582,2019
CHCO,1004860,2015
CHCO,1002593,2015
PFE,1006941,2015
ABST,1002627,2015
ITW,1002633,2011
ERII,1002634,2015
CHCO,1002645,2015
GT,1004793,2015
ERII,1002655,2018
CHCO,1002656,2015
WEN,1002668,2015
WM,1002684,2011
SLCA,1002694,2015
HDSN,1002695,2011
CHCO,1002700,2015
CHCO,1002705,2015
CLW,1004705,2011
CHCO,1002729,2015
MRO,1013038,2019
WM,1002746,2015
CHCO,1005493,2019
SXC,1007287,2019
COG,1002779,2015
HWKN,1002794,2019
RGCO,1002797,2011
CHCO,1002799,2018
ACA,1013060,2019
ATH^C,1002820,2011
FHS,1002821,2015
LXU,1005867,2011
TOT,1002831,2019
CHCO,1002855,2015
COG,1013304,2019
CHCO,1002860,2015
RM,1002863,2015
MGPI,1004861,2011
CHCO,1002870,2019
GOLD,1004748,2011
STT^G,1002880,2011
DAR,1006081,2014
CPLP,1005198,2019
BAC,1003280,2011
USFD,1008069,2011
CHCO,1002902,2015
RRBI,1002909,2015
AACQU,1009340,2011
CHCO,1002957,2015
MHK,1008021,2015
CHCO,1002964,2015
AWI,1006883,2011
ABBV,1007514,2016
NOA,1002977,2011
WCN,1004679,2011
HUN,1002993,2010
GT,1004220,2011
PQG,1008044,2019
CHCO,1001487,2011
WM,1003033,2019
CHCO,1003034,2015
RM,1003035,2019
CHCO,1003044,2015
ARCH,1011873,2019
LOAN,1003056,2017
BC,1003063,2011
BAC,1009018,2019
NVS,1003098,2019
ERII,1003110,2015
CBT,1008579,2011
CHCO,1003137,2016
CHCO,1003147,2015
AA,1003147,2015
LILA,1004877,2011
ASML,1004653,2015
CHCO,1003227,2015
CHCO,1003228,2015
CHCO,1003244,2019
CHCO,1003263,2015
CLH,1009930,2019
FRTA,1004965,2016
CHCO,1003294,2011
DUK,1003297,2011
CE,1003300,2011
PPG,1008459,2011
CHCO,1006629,2015
APXT,1003603,2019
CHCO,1003368,2015
MH^C,1013718,2019
CHCO,1005634,2015
ARNC,1003379,2019
HXL,1003385,2011
ALB,1004307,2011
CHCO,1003428,2015
BPMP,1003539,2019
CHCO,1003442,2015
CHCO,1003442,2015
CHCO,1003445,2015
WM,1003450,2015
CHCO,1003471,2015
TRP,1003473,2016
KHC,1003488,2011
RIO,1005234,2011
GER,1003494,2019
NLY,1003494,2017
WM,1003505,2015
EEX,1004615,2011
CHCO,1003524,2015
BKSC,1003528,2019
OEC,1007626,2011
STT^G,1006504,2011
STT^G,1003550,2015
L,1009467,2011
MH^C,1003794,2019
CHCO,1003601,2015
APWC,1003617,2015
BAC,1003617,2015
WY,1008180,2011
AZEK,1003643,2015
AEP,1007452,2010
OKE,1013103,2018
CHCO,1006628,2015
DK,1007861,2011
CHCO,1003699,2019
CHSCL,1006671,2011
CHCO,1003704,2015
MO,1006268,2011
FMS,1003712,2019
HAL,1003913,2019
DEX,1003722,2019
CHCO,1004224,2015
ADI,1003759,2015
CHCO,1003762,2016
CHCO,1003812,2015
CHCO,1003813,2015
CHCO,1003818,2019
STT^G,1011466,2015
ASML,1007385,2015
CMP,1003829,2011
MH^C,1006767,2015
NEU,1003853,2011
TMST,1003860,2017
CHCO,1003865,2015
SBCF,1003883,2015
CHNR,1003883,2016
WM,1007607,2013
NEN,1003922,2011
GEF,1004536,2011
TXN,1010305,2011
CHCO,1003949,2015
ORAN,1003953,2015
CHCO,1003963,2015
CWEN,1013360,2019
CHCO,1003979,2015
BLDP,1003980,2019
INTC,1009856,2011
LOOP,1004008,2011
CRS,1004434,2011
CHCO,1011959,2019
CNP,1008343,2011
CHCO,1004053,2015
SJI,1010343,2010
CHCO,1004063,2015
CHCO,1004077,2015
CHCO,1004093,2019
MLM,1005855,2011
SCHW,1004099,2019
OGS,1004336,2016
MH^C,1011192,2019
CHCO,1006280,2015
KVSB,1004125,2015
REGI,1004125,2015
VNTR,1004127,2019
CHCO,1004132,2015
AUBAP,1004154,2011
CHCO,1006286,2019
USFD,1004194,2016
LNN,1004199,2019
CPB,1006617,2011
CHCO,1004214,2015
CHCO,1004223,2015
MH^C,1006919,2015
MH^C,1006281,2011
BKSC,1004251,2019
PEBK,1004255,2019
SXT,1004262,2011
STT^G,1004266,2016
CASY,1004267,2019
FF,1004274,2011
CHCO,1006650,2015
MU,1009805,2011
CHCO,1004328,2015
IPI,1004340,2015
CHCO,1004341,2015
CHCO,1004344,2019
CHCO,1004364,2015
CHCO,1004378,2015
MPLX,1012504,2016
CHCO,1004387,2015
CHCO,1004391,2015
CHCO,1004420,2019
CHCO,1004423,2016
BIP,1010644,2019
BRBS,1004446,2017
GEL,1011728,2015
CLF,1005276,2018
PARR,1010442,2017
CHCO,1004460,2015
WM,1004465,2015
LLY,1004469,2019
WM,1004475,2012
PKX,1004478,2015
CIZN,1004507,2019
CHCO,1004519,2017
NWE,1004522,2011
CHCO,1004523,2015
MH^C,1004532,2019
CHCO,1004533,2015
CHCO,1004541,2015
MH^C,1004542,2019
RM,1004550,2015
CHCO,1004565,2015
CHCO,1004566,2015
CHCO,1004572,2015
CHCO,1004573,2015
TTI,1006023,2011
CHCO,1004582,2015
CHCO,1004590,2015
CHCO,1004592,2015
NGS,1004602,2015
AMPY,1010304,2018
ASML,1004629,2015
POST,1006273,2015
NGS,1004670,2011
CHCO,1004676,2015
WM,1009077,2019
REGI,1004685,2015
WM,1004696,2015
ACB,1004719,2015
BNED,1010993,2015
ATI,1008994,2011
SRLP,1004739,2015
CHCO,1004751,2015
CHCO,1004755,2015
AREC,1004765,2011
TRP,1012512,2016
SRE,1012752,2019
CHCO,1004796,2011
WTM,1007819,2011
ALEX,1005265,2015
TREC,1004829,2015
CHCO,1004848,2015
BERY,1004853,2019
CHCO,1004868,2015
NGS,1004872,2015
CHCO,1004882,2016
MCHP,1011819,2015
CHCO,1004884,2015
NP,1005907,2011
CHCO,1004897,2015
CHCO,1004910,2015
NGS,1004919,2015
WM,1004956,2019
AMOV,1004956,2015
CHCO,1004993,2015
XEC,1005489,2011
CHCO,1007558,2016
AIH,1006359,2011
ALIN^E,1007410,2015
ARNA,1013588,2019
COG,1007410,2015
AMGN,1005413,2011
CHCO,1005085,2015
EXPD,1005091,2011
CHCO,1005092,2015
SUM,1006077,2019
CLMT,1007739,2019
CRC,1008409,2015
CHCO,1005168,2016
CHCO,1005201,2015
AIRI,1007466,2015
ASML,1005217,2015
USFD,1006819,2019
CHCO,1005225,2019
CHCO,1005237,2015
CWST,1006021,2015
WM,1005282,2015
GEVO,1005284,2019
CHCO,1005285,2015
TRN,1005287,2019
CHCO,1005291,2015
SCL,1005292,2011
NP,1005838,2011
CHCO,1005301,2015
BKSC,1005307,2011
CHCO,1005314,2015
CHCO,1007154,2015
CHCO,1005318,2015
CHCO,1005329,2015
TRHC,1012092,2019
BKSC,1005381,2015
CHCO,1005388,2015
CHCO,1005399,2015
WOR,1011697,2015
USAP,1005423,2011
EOG,1011989,2015
AAL,1005432,2019
CHCO,1005436,2015
IPI,1006411,2015
RM,1005440,2011
BPMP,1005446,2019
CHCO,1005451,2015
CHCO,1005462,2015
CHCO,1005478,2015
GF,1006187,2015
CZR,1005529,2011
STT^G,1005509,2015
CHCO,1005514,2015
ORAN,1005524,2016
CHCO,1005531,2015
CHK,1007448,2011
CHCO,1005568,2015
CHCO,1005568,2015
NWE,1005574,2015
CHCO,1005583,2015
ALB,1005594,2015
TROX,1004701,2011
CHCO,1005619,2015
CHCO,1006789,2019
ARLP,1005621,2015
CHNR,1012335,2019
USFD,1005655,2011
EQC,1005660,2011
CHCO,1005665,2015
SEB,1005686,2011
PEBK,1005699,2019
CHCO,1005701,2015
CHCO,1005723,2015
CCK,1005732,2017
SCHN,1005755,2015
CREE,1005759,2015
CEIX,1008766,2011
BDC,1005773,2015
CHCO,1008498,2015
CHCO,1005782,2015
VLO,1005791,2019
MOS,1005817,2011
CEQP,1013714,2019
CHCO,1006127,2015
MH^C,1005874,2019
NGS,1005876,2019
CHCO,1005895,2015
CVX,1005903,2019
GLHA,1005906,2019
CHCO,1005928,2015
CHCO,1005928,2015
AEP,1009888,2019
RM,1005964,2015
CHCO,1005973,2017
ABB,1006009,2015
KHC,1006018,2019
CHCO,1006026,2015
SCS,1006027,2011
CHCO,1007018,2019
WM,1006036,2015
EQNR,1013204,2019
BK,1006075,2015
HBP,1006108,2011
WHR,1010295,2011
BOH,1006173,2015
CHCO,1006178,2019
JVA,1006186,2015
NAV,1006190,2019
CHCO,1007327,2019
RM,1006218,2019
WM,1006219,2019
CHCO,1006224,2015
VIST,1006227,2019
CHCO,1006230,2015
HCAP,1006244,2015
WLL,1010199,2011
LEG,1006269,2011
CHCO,1006276,2015
ERII,1006283,2015
CHCO,1006299,2015
IGR,1006313,2019
CHCO,1006344,2015
CHCO,1006344,2015
HRL,1006347,2011
CHCO,1006350,2015
CHCO,1006421,2015
MDWT,1006524,2015
CAG,1013721,2019
FDP,1006447,2016
CHCO,1006455,2015
REGI,1006469,2015
MH^C,1006474,2016
RXN,1006482,2019
CHCO,1006486,2015
CHCO,1006544,2019
AZO,1006588,2015
AAWW,1006608,2011
FMBI,1012016,2015
MGM,1006611,2011
CHCO,1006634,2015
SWX,1006640,2011
CHCO,1006663,2015
FLR,1006675,2016
NGS,1006688,2015
CHCO,1006716,2015
WM,1006724,2015
AEP,1009888,2011
BAC,1006733,2015
NGS,1006762,2015
CG,1006768,2019
WM,1006805,2015
CHCO,1006817,2015
CHCO,1006826,2015
BMY,1007271,2011
CHCO,1006858,2015
LOB,1006860,2011
CHCO,1011031,2019
EQC,1006902,2011
HFBL,1006955,2011
CHCO,1006957,2015
CHCO,1006978,2016
CHCO,1006986,2015
GFL,1010760,2019
NGS,1006992,2015
SHW,1011274,2015
CHCO,1007011,2011
CHCO,1007020,2015
CHCO,1007736,2019
NWN,1011405,2019
CHCO,1007090,2015
SPR,1007114,2011
NGS,1007118,2019
BKSC,1007121,2015
SRE,1009921,2011
TVC,1007128,2015
CHCO,1007136,2015
STT^G,1007163,2015
ALG,1007208,2015
WGO,1007224,2015
CHCO,1007276,2015
WM,1007282,2011
CHCO,1007290,2015
MINN,1007314,2011
CHCO,1007319,2019
CHCO,1007322,2015
BKSC,1007355,2015
ORAN,1007397,2015
CHCO,1007421,2015
CHCO,1007431,2015
HPQ,1007515,2015
CDE,1007526,2015
PLYM,1007529,2015
WM,1007590,2015
CHCO,1007605,2015
WM,1007644,2019
WM,1007651,2019
BPMP,1007661,2011
CHCO,1007712,2015
MH^C,1007715,2019
CHCO,1007733,2015
QCOM,1011718,2015
BCOW,1007973,2015
CHCO,1007780,2015
CHCO,1007802,2015
YSAC,1007803,2011
HAYN,1007869,2011
DIS,1007870,2015
SU,1007923,2011
CHCO,1007939,2015
MDWT,1007949,2019
IFF,1007956,2011
HIG^G,1008022,2019
RRC,1008918,2015
CHCO,1008058,2015
CHCO,1008060,2015
MH^C,1008063,2019
COG,1008081,2015
CPG,1010521,2015
CHCO,1008098,2010
CHNR,1011535,2015
ORAN,1008215,2015
AOSL,1008262,2015
COG,1009258,2015
FFWM,1011508,2015
CLR,1013713,2015
EARS,1008474,2019
AAWW,1011547,2015
COG,1012192,2017
CBT,1012689,2016
CHK,1009313,2011
ETRN,1008687,2018
PVAC,1008713,2011
AEP,1008730,2019
AVGO,1008734,2019
CNX,1012762,2019
COG,1008794,2015
SD,1012077,2015
HBP,1012693,2016
COG,1009054,2019
BLL,1009054,2011
LPI,1012359,2019
WM,1009068,2019
PDCE,1009286,2015
EQT,1010233,2011
FANG,1009434,2019
COG,1009485,2015
CHCO,1009494,2015
PKOH,1009529,2019
JLL,1009547,2019
VVNT,1009577,2019
COG,1011275,2014
ERF,1009595,2015
BTU,1009600,2019
AMOV,1009615,2015
GJO,1009830,2015
COG,1012735,2019
COG,1012742,2016
SWKS,1009735,2016
METC,1009758,2019
PCG,1009780,2015
CDEV,1011998,2015
AMOV,1009865,2015
TRN,1009875,2017
CRK,1009907,2019
MXIM,1009982,2016
QRVO,1011813,2017
WM,1010034,2019
USFD,1010046,2016
NXPI,1010083,2015
CHCO,1010082,2015
SAFM,1010104,2016
BHK,1010117,2015
BPMP,1010120,2019
JCI,1010137,2011
CHCO,1010159,2015
AREC,1010173,2019
AR,1011941,2015
FORE,1010263,2013
IR,1010710,2019
CHCO,1010207,2018
BAC,1010247,2015
BAC,1010248,2016
AIRI,1010260,2019
AEP,1010321,2015
OAS,1013393,2019
HCC,1010328,2017
CHCO,1010364,2019
BATL,1010372,2019
EXPD,1010378,2019
REVG,1010420,2015
MLR,1010420,2016
RAVN,1010420,2012
COG,1010420,2012
COG,1010420,2015
SRL,1010420,2012
COG,1011538,2019
MDC,1010420,2012
REVG,1010420,2015
WM,1010420,2012
RMCF,1010420,2012
MLR,1010420,2016
QMCO,1010422,2015
REVG,1010422,2015
GLP,1010430,2015
TPVG,1010466,2015
COF,1012679,2019
BEP,1010538,2016
GM,1006371,2010
HBP,1010614,2015
EQH,1010639,2015
CHCO,1010661,2015
USFD,1010674,2015
INT,1010720,2015
SWN,1009509,2011
WM,1010773,2015
GJO,1010779,2016
MTDR,1012068,2019
COG,1010931,2016
CHCO,1010935,2019
BTT,1010938,2015
CHCO,1010955,2015
CHCO,1010957,2015
CHCO,1010961,2015
WM,1010983,2015
TG,1011034,2015
CHCO,1011061,2015
GOOG,1011082,2019
CRT,1011100,2015
NGS,1011116,2019
AXAS,1011185,2015
BAC,1011632,2019
CHCO,1011215,2019
WM,1011226,2015
ORAN,1011227,2015
COG,1013004,2019
NOA,1011242,2016
MTRN,1011243,2015
CHCO,1011254,2015
CHCO,1011256,2015
CHCO,1011331,2019
TSLA,1011389,2019
MUR,1008113,2011
NLY,1011450,2019
COG,1011463,2015
WM,1011531,2019
CHCO,1011612,2015
CHCO,1011631,2015
BPMP,1006929,2012
COG,1011652,2015
CHNR,1011684,2018
GDP,1010684,2015
CDEV,1011690,2019
COG,1013003,2017
GPOR,1007462,2010
COG,1011761,2018
INSP,1011769,2016
ESTE,1013483,2019
MEOH,1011799,2016
COG,1011809,2019
NGL,1011817,2019
ORN,1011823,2018
ORN,1011823,2018
BRC,1011823,2018
BRC,1011823,2018
EXPR,1011833,2016
BRKS,1011844,2016
CPLP,1012665,2019
COG,1012060,2016
SBT,1011986,2016
BOCH,1011987,2015
CHCO,1012020,2015
WM,1012038,2018
BTO,1012054,2019
COG,1012059,2016
CHCO,1012067,2016
COG,1012070,2016
AMTX,1012089,2012
CHCO,1012097,2016
CPE,1012129,2016
CHCO,1012133,2016
BPMP,1013558,2019
OXY,1008409,2011
DOOR,1012407,2019
WM,1012494,2019
BPMP,1012506,2019
LPX,1012527,2019
HCCI,1012651,2019
COG,1012750,2019
WFG,1012765,2017
HCDI,1012869,2019
CHNR,1012909,2018
COG,1013064,2018
SWN,1012947,2019
EAD,1012988,2019
CVM,1012992,2017
COG,1013026,2017
BPMP,1013086,2019
AREC,1013087,2017
MH^C,1013151,2019
BCC,1013715,2019
FSK,1013203,2019
PPSI,1013284,2019
COG,1013301,2019
WM,1013315,2019
COG,1013324,2019
TGI,1013337,2019
BCE,1013751,2019
COG,1013367,2019
MH^C,1013375,2019
TS,1013497,2019
RFP,1002130,2011
CHCO,1013540,2019
KMI,1013556,2019
ALTM,1013556,2019
KMI,1013572,2019
ALTM,1013572,2019
MGY,1013576,2019
CHCO,1013606,2019
NGS,1013609,2019
EXPR,1013613,2019
BAC,1013620,2019
REI,1013622,2019
MRBK,1013659,2015
BPMP,1013679,2019
WM,1013691,2019
AACQU,1010544,2015
AMN,1013700,2017
BCE,1013732,2019
L,1013757,2019
BAC,1013764,2014
ARD,1006060,2015
ASH,1004504,2011
KRA,1000032,2015
MPC,1007913,2011
ALSN,1000048,2016
PAA,1003245,2010
AEP,1009888,2015
FE,1007887,2010
IDA,1000244,2010
NEE,1000131,2011
NGS,1000137,2015
EURN,1007576,2010
AZEK,1000176,2015
JEF,1000197,2018
BIP,1012159,2015
REYN,1004260,2015
ENB,1006841,2015
AEP,1000251,2011
DOW,1010380,2015
CVA,1007914,2015
CTA^A,1007916,2011
RFP,1005422,2016
RFP,1011735,2015
GPP,1002926,2015
ERII,1000362,2015
GSBC,1007432,2011
AEP,1007359,2011
GM,1010579,2011
BIIB,1000383,2014
PCG,1000388,2015
MH^C,1000441,2015
CHCO,1001059,2015
IPLDP,1007650,2011
MH^C,1004859,2017
BANC,1006873,2011
CHCO,1000581,2015
CWEN,1005637,2018
HUN,1010589,2015
LW,1012645,2016
LW,1012645,2018
LW,1000615,2018
AA,1007937,2011
CHCO,1003969,2015
CHCO,1004207,2015
CPLP,1007825,2015
OVBC,1009886,2011
UGI,1011225,2016
PEG,1009888,2011
NWE,1010712,2015
PBF,1007844,2015
PEG,1001081,2011
CHCO,1006024,2015
CHCO,1010076,2015
NEE,1010316,2015
ADS,1007920,2016
BKCC,1001232,2018
PG,1009528,2011
WHG,1001249,2014
ULCC,1001303,2018
BAC,1001316,2015
PII,1001352,2017
AQN,1006409,2015
CHCO,1009555,2015
CHCO,1001568,2017
CHCO,1002843,2016
TRGP,1011970,2015
ASAI,1007195,2010
CHNR,1011970,2015
NGS,1007102,2011
UNFI,1011725,2014
REGI,1001865,2011
CSWC,1001908,2011
FCX,1011728,2011
HII,1001958,2011
CHCO,1001984,2015
OC,1010899,2015
ELAN,1002020,2018
LLY,1004469,2011
TAP,1002057,2017
EXPR,1011820,2015
SHW,1005031,2015
EXPR,1002931,2015
EXPR,1002931,2015
LECO,1002114,2015
CHCO,1007970,2015
CHCO,1006654,2015
WM,1002168,2015
MUR,1012583,2016
MDLZ,1002194,2016
CHNR,1012450,2018
CRD/A,1002276,2015
CHCO,1002328,2015
CHCO,1003144,2015
MH^C,1006911,2015
MH^C,1007402,2016
JELD,1002559,2016
WM,1007677,2015
TALO,1010060,2015
NOC,1005862,2018
MUJ,1002582,2011
ET,1002611,2018
BANC,1002612,2011
CVX,1002668,2015
MRO,1010422,2015
CHCO,1005493,2015
SXC,1011529,2011
HWKN,1002794,2015
ACA,1013060,2018
COG,1009126,2015
WCN,1007345,2018
PQG,1008044,2011
WM,1003033,2015
RM,1003035,2011
HIHO,1003036,2015
BAC,1009018,2011
NVS,1003098,2015
SNII,1003175,2015
MGU,1011650,2015
SWN,1003311,2010
BPMP,1003539,2015
GPK,1006734,2011
GER,1003494,2017
COG,1003558,2011
MH^C,1003769,2017
MH^C,1003794,2018
WM,1003605,2015
AEP,1010191,2011
TVC,1003667,2015
FMS,1003712,2011
HAL,1003913,2015
COG,1003754,2015
EXC,1003769,2018
CHCO,1003818,2016
CMP,1009764,2011
NGS,1012037,2015
CWEN,1003978,2018
BLDP,1003980,2011
CHCO,1003986,2015
CLH,1009930,2015
MH^C,1004033,2011
CHCO,1011959,2015
CHCO,1004093,2015
VNTR,1004127,2018
CHCO,1006286,2015
CHNR,1012510,2018
LNN,1004199,2018
WM,1004204,2016
CHCO,1004285,2015
CHCO,1004420,2015
NGS,1010644,2015
CIZN,1004507,2015
CHCO,1004543,2015
AMPY,1004613,2018
WM,1009077,2015
USFD,1010722,2012
WM,1004956,2015
BPMP,1007714,2015
CNP,1005332,2015
THS,1004996,2016
AEIS,1005068,2018
ARNA,1007410,2015
COG,1007410,2015
SUM,1006077,2015
CLMT,1011549,2015
CWEN,1005798,2018
USFD,1006819,2011
CHCO,1005225,2015
GEVO,1005284,2015
CLF,1005294,2017
AMR,1010315,2011
AOUT,1005337,2015
TRHC,1012091,2013
MH^C,1007766,2011
NGS,1005428,2015
AAL,1005432,2015
LILA,1006253,2011
BPMP,1005446,2018
CHCO,1005450,2015
WM,1005851,2015
CWBC,1007344,2014
CHCO,1006789,2015
CINR,1005621,2017
OVBC,1008766,2016
BPMP,1009343,2011
NGS,1005876,2011
BAC,1005880,2015
HA,1010344,2015
CHCO,1005910,2014
AZEK,1005928,2015
MPC,1011549,2018
KHC,1011249,2016
CHCO,1007018,2015
MPC,1006039,2018
ALIN^E,1006074,2016
CHCO,1006107,2015
GSK,1007998,2015
CHCO,1006178,2015
NAV,1006190,2015
RM,1006216,2015
WM,1006218,2014
WM,1006219,2015
VIST,1006227,2016
USFD,1006296,2015
SNY,1006361,2015
USFD,1005651,2011
RXN,1006482,2015
WM,1006501,2011
CHCO,1006526,2015
TWI,1006540,2017
CHCO,1006544,2015
BAC,1006564,2015
GPK,1006731,2017
JEF,1006690,2018
CHCO,1011031,2015
CE,1007868,2014
GFL,1006989,2018
CHCO,1007455,2015
NGS,1007118,2018
ATUS,1010760,2012
TAC,1007310,2015
ARCH,1007476,2018
BFRA,1007551,2015
SWK,1007732,2011
ALIN^E,1009350,2015
HUN,1007909,2018
MDWT,1007949,2015
HIG^G,1008022,2011
COG,1008052,2018
MH^C,1008063,2016
COG,1008266,2011
COG,1011908,2018
ETRN,1013365,2018
AEP,1008730,2011
AVGO,1008734,2016
CNX,1012762,2018
GGPI,1008999,2015
LPI,1009056,2015
WM,1009068,2011
SGU,1009167,2016
COG,1010420,2015
FANG,1009434,2015
JLL,1009547,2015
BTU,1009600,2018
BAC,1009621,2015
EQNR,1012557,2018
MGY,1010437,2015
LPI,1009683,2015
COG,1009720,2015
FCPT,1009780,2017
CHNR,1009860,2015
SCE^J,1009888,2015
CRK,1009907,2011
CNX,1009939,2018
GLDD,1010034,2017
AACG,1010106,2015
COG,1010164,2016
IR,1010710,2015
LII,1010232,2016
AIRI,1010260,2015
CHNR,1010294,2015
OAS,1010325,2015
BAC,1010326,2015
CHCO,1010364,2015
EP^C,1010481,2016
CYH,1010663,2015
EQNR,1010678,2018
CHCO,1010935,2015
CHCO,1011066,2015
NGS,1011116,2015
CHCO,1011215,2017
NGS,1012049,2015
CHCO,1011331,2015
TSLA,1011389,2015
CARR,1011406,2015
MH^C,1011427,2015
WM,1011531,2015
CEQP,1011627,2015
BPMP,1011635,2015
CDEV,1011690,2015
CAF,1010449,2011
SRE,1011831,2015
BPMP,1011897,2015
NGS,1011963,2016
MFC,1012054,2018
GF,1012083,2016
NGS,1012259,2018
BANC,1012289,2016
MH^C,1012407,2017
ENB,1012421,2018
WM,1012422,2017
NGS,1012494,2016
LPX,1012527,2017
HCCI,1012651,2018
COG,1012750,2017
HCDI,1012869,2018
GSS,1012873,2016
JRVR,1012954,2018
SWN,1012947,2018
EAD,1012982,2018
COG,1013035,2018
NGS,1013113,2018
BCC,1013165,2017
FSK,1013203,2018
COG,1013204,2018
BNED,1004727,2011
COG,1013291,2018
COG,1013301,2018
WM,1013315,2018
COG,1013325,2018
TGI,1013337,2018
BCE,1013339,2018
MH^C,1013501,2018
DAR,1013363,2018
COG,1013367,2018
MH^C,1013375,2018
BRBS,1013390,2018
BPMP,1013411,2018
TS,1013497,2018
ATUS,1000047,2017
PBA,1006841,2017
ASIX,1000089,2016
STWD,1007316,2011
AEP,1000259,2017
NLS,1001283,2017
GPK,1000409,2017
CPLP,1006839,2015
PCG,1000491,2015
TISI,1000523,2015
LW,1000615,2016
NLS,1000663,2017
AEP,1001376,2011
UG,1002160,2017
OEG,1005862,2016
ERII,1002655,2017
CHCO,1002799,2015
UG,1002864,2017
UG,1002905,2017
UG,1007904,2011
TPHS,1003482,2015
NLY,1003494,2015
BX,1003494,2017
MH^C,1003633,2015
DEN,1003698,2017
BSM,1011506,2015
CPLP,1004051,2014
CHNR,1005294,2011
AEIS,1005068,2017
NRG,1006915,2010
CHCO,1005426,2015
ALP^Q,1006705,2017
NGS,1007123,2012
AFI,1010386,2015
VRS,1007196,2017
HUN,1007909,2011
ACA,1008054,2016
CBT,1013101,2017
ARLP,1009850,2015
AMD,1010033,2015
RLX,1011101,2015
AMPY,1010304,2017
CHCO,1010207,2015
DCP,1002422,2014
CPLP,1010632,2015
COG,1010707,2015
CHNR,1011684,2017
COG,1011761,2017
ORN,1011823,2017
GAB^K,1011823,2017
ORN,1011823,2017
BRC,1011823,2017
BRC,1011823,2017
DIOD,1011826,2016
KMI,1012259,2017
ENB,1012421,2017
CHNR,1012465,2017
NGS,1009964,2015
WM,1006292,2015
HCCI,1012651,2017
BOH,1012851,2012
NGVT,1012867,2017
CHNR,1012909,2017
COG,1013035,2017
JRVR,1012937,2015
JRVR,1012954,2014
EAD,1012982,2017
BANC,1002726,2010
AEP,1006357,2010
COG,1013095,2017
CG,1000095,2015
NRUC,1010637,2016
CHCO,1000200,2015
D,1007239,2010
CHCO,1000224,2015
MDWT,1005874,2016
REGI,1000294,2016
MH^C,1000538,2016
BBU,1001257,2016
PII,1001291,2016
PII,1001292,2016
PII,1001352,2016
CHCO,1001361,2016
CHCO,1001568,2016
CR,1001616,2016
SR,1005967,2016
ACV,1001762,2016
MVO,1001767,2011
PATK,1001767,2011
AGRO,1001767,2013
BPMP,1002628,2010
PSX,1010471,2012
BUD,1006904,2011
KMI,1002097,2011
CVI,1005502,2016
BPMP,1006310,2010
ERII,1002447,2015
GTS,1007573,2015
CHCO,1002697,2015
ERII,1002765,2015
EWBC,1003274,2015
GER,1003494,2016
NLY,1003494,2016
WM,1003494,2016
MH^C,1003769,2016
SPLP,1003580,2016
TKR,1003861,2011
MH^C,1004058,2016
ETI^,1007927,2011
PARR,1004459,2016
REGI,1004685,2016
SMHI,1004861,2015
NGS,1008731,2011
CINR,1005621,2016
CHCO,1005776,2015
MRBK,1005795,2016
FRTA,1006015,2016
HL,1006162,2015
FMC,1006673,2011
PARR,1010442,2016
TOT,1006935,2011
AGR,1007035,2016
FCPT,1007245,2016
ISDR,1007300,2011
NGVT,1007512,2016
GTS,1007573,2016
MH^C,1007623,2015
CHCO,1007858,2016
CHCO,1007948,2015
NGS,1012028,2015
EOG,1008232,2016
RMCF,1008355,2016
COG,1012192,2016
KMI,1009338,2016
METC,1009758,2016
FCPT,1009780,2016
TRN,1009875,2015
GLDD,1010034,2016
OVBC,1010107,2015
BPMP,1010118,2016
QRVO,1010254,2016
HCC,1010328,2016
COG,1010406,2013
COIN,1010481,2016
CHCO,1010601,2015
AAMC,1011204,2016
CHCO,1011215,2016
PAA,1011361,2015
ARNC,1011475,2016
CEIX,1011503,2014
NS,1010434,2010
VCKA,1011684,2015
VSH,1011798,2016
QRVO,1011813,2016
RICE,1011861,2013
KMI,1012259,2016
MH^C,1012407,2016
WM,1012422,2016
PSX,1012469,2016
AA,1012517,2016
LPX,1012527,2016
COG,1012635,2016
AM,1012714,2016
COG,1012734,2016
COG,1012750,2016
WFG,1012765,2016
RMCF,1012773,2016
NFG,1012823,2016
PBF,1012865,2012
ALSN,1000048,2015
AEP,1000059,2015
CC,1006314,2015
VRTS,1000117,2015
AEP,1000703,2011
KMI,1002836,2011
PEBK,1000234,2015
WRK,1007964,2015
WRK,1002248,2015
BAC,1000328,2015
GPP,1006364,2011
GPK,1004982,2015
BAC,1000474,2015
STWD,1006745,2010
BRK/A,1000419,2010
WRK,1000624,2015
CHCO,1000643,2015
BTU,1000666,2015
ES,1009897,2015
AQN,1000795,2015
AEP,1000818,2015
AEP,1001302,2015
UGI,1011225,2015
CHCO,1001123,2011
SWN,1001164,2015
KODK,1001199,2011
ADS,1007920,2015
GWRS,1001231,2015
QMCO,1000125,2012
AEP,1001331,2015
GNTX,1001340,2015
HSC,1001348,2011
PII,1001352,2015
CHCO,1001568,2015
ENLC,1011722,2014
CHCO,1002843,2015
NGS,1005857,2011
ATH,1001629,2015
ACV,1001762,2015
COG,1001767,2015
COG,1001767,2015
TM,1001828,2015
CVX,1001962,2015
SRE,1011820,2015
KHC,1002142,2015
KHC,1002144,2015
MUR,1008113,2015
MDLZ,1002194,2015
CVA,1003243,2010
DVN,1002422,2010
CHCO,1006191,2010
JELD,1002559,2015
AROC,1007169,2015
OEG,1002570,2015
OEG,1002571,2015
CC,1002589,2015
BEP,1002611,2015
CC,1002616,2015
CC,1002618,2015
VLO,1010774,2010
CBFV,1000259,2010
ABBV,1007514,2015
ENB,1012062,2015
ENB,1010613,2015
CHCO,1003137,2010
PII,1003138,2013
ENLC,1011705,2015
TBCP,1003289,2015
TBCP,1003290,2015
GT,1004610,2011
TRP,1003473,2015
FMS,1003712,2015
WRK,1003749,2015
CHCO,1003762,2011
CHCO,1003818,2015
CHNR,1003883,2015
WM,1007607,2015
DOW,1005516,2011
CVX,1003991,2015
MH^C,1004058,2015
OGS,1004336,2015
HUN,1004127,2015
USFD,1004194,2015
WM,1004204,2015
STT^G,1004266,2011
CHCO,1004348,2015
CHCO,1004423,2015
WCN,1004059,2010
POST,1004633,2015
BCOW,1004921,2015
WTI,1010719,2015
CHCO,1004882,2010
BAC,1006606,2015
THS,1004996,2015
CHCO,1008057,2010
WTI,1007410,2015
CHCO,1005083,2015
MGU,1005162,2011
CHCO,1005168,2010
PQG,1008044,2015
RFP,1005422,2015
DOW,1003967,2011
ORAN,1005524,2015
CWBC,1005542,2015
NUE,1005700,2015
TRN,1005835,2015
OEG,1005862,2015
CHCO,1006127,2010
CHCO,1005917,2015
KMI,1006042,2015
ALIN^E,1006074,2015
CHCO,1006118,2015
VIST,1006227,2015
CEE,1006294,2015
IGR,1006313,2015
FDP,1006447,2015
DRTT,1006545,2015
FLR,1006675,2015
T,1006680,2014
CHCO,1006684,2015
CHCO,1006693,2010
USFD,1006765,2015
QMCO,1006869,2015
CHCO,1006978,2013
SGU,1007037,2015
IPLDP,1007101,2015
WRK,1007512,2015
ARLP,1007604,2015
CHCO,1007654,2015
TPHS,1008054,2015
CLR,1011191,2015
ARLP,1011546,2015
HBP,1010611,2015
SGU,1009167,2015
MLR,1010420,2012
WM,1009444,2015
ALE,1009492,2015
SWKS,1009735,2015
COG,1009732,2015
MXIM,1010005,2015
USFD,1010046,2015
NXPI,1010067,2015
SAFM,1010104,2015
MH^C,1010142,2015
COG,1010164,2015
LII,1010232,2015
BAC,1010248,2015
COIN,1010481,2015
EP^C,1010481,2015
BEP,1010538,2015
CCF,1010562,2015
GJO,1010779,2015
COG,1010931,2015
KMF,1011291,2015
AAMC,1011204,2015
NOA,1011242,2015
KHC,1011249,2015
AEO,1011250,2015
COG,1011332,2015
CHCO,1004223,2010
GDP,1011689,2015
HBAN,1011724,2015
USAC,1011743,2015
COG,1011761,2015
INSP,1011769,2010
BANC,1011772,2014
USFD,1011785,2015
HON,1011787,2011
VSH,1011798,2012
MEOH,1011799,2015
ARLP,1011811,2015
KMI,1011817,2014
DIOD,1011826,2014
BRKS,1011844,2010
MH^C,1011849,2015
ARCH,1011873,2015
COG,1012060,2015
BPMP,1011930,2015
CHNR,1011963,2015
COG,1012059,2015
CHCO,1012067,2015
COG,1012070,2015
GF,1012083,2014
AMTX,1012089,2015
CHCO,1012097,2013
CHCO,1012097,2013
WM,1012100,2015
WM,1012114,2015
COG,1012661,2015
PCG,1000011,2014
TSN,1006783,2011
NUE,1007946,2010
KRA,1000032,2011
REGI,1000035,2013
ANDE,1007933,2011
REGI,1000035,2013
TSN,1006783,2010
ALSN,1000048,2011
SLCA,1000052,2011
CHCO,1007189,2010
AEP,1001302,2010
SGU,1007358,2010
CHCO,1002404,2011
CTA^A,1007916,2010
CHCO,1000090,2010
CHCO,1000091,2011
AEP,1000999,2010
F,1006754,2010
VRTS,1000117,2014
UAMY,1006391,2010
NGS,1000137,2011
XEL,1001008,2010
PPL,1000893,2010
ALE,1009492,2010
CHCO,1000161,2010
GSBC,1007432,2010
AZEK,1000176,2010
SGU,1006824,2010
GLT,1004199,2011
PG,1002674,2010
WCN,1007624,2011
EOG,1009905,2011
DEN,1009643,2011
UAMY,1006690,2010
CHCO,1006172,2011
CHCO,1000200,2010
KMI,1001947,2010
BRK/A,1006376,2010
WY,1000228,2011
REYN,1004260,2011
EMN,1007438,2010
PEBK,1000234,2011
ENB,1007106,2011
MGEE,1001186,2011
JRVR,1000252,2012
INGR,1010590,2012
NEE,1000269,2010
DOW,1010380,2010
AES,1007781,2011
CHCO,1004438,2014
RFP,1000311,2011
UFS,1005994,2010
BAC,1000328,2011
CHCO,1000339,2010
LYB,1007562,2011
AIRI,1006711,2010
RFP,1000348,2011
MUR,1000352,2013
SON,1000353,2011
BCEI,1010318,2011
CVA,1006772,2010
ERII,1000362,2013
CHCO,1000365,2011
CHCO,1004491,2010
CHCO,1000372,2010
CHCO,1000381,2011
PCG,1000388,2011
GGB,1005344,2010
CHCO,1000395,2010
GPK,1000409,2011
REGI,1003282,2011
AAIC,1000415,2010
TAC,1000419,2010
CHCO,1000423,2011
NRG,1007931,2010
IP,1007226,2010
PCG,1007469,2010
MH^C,1000440,2011
MH^C,1000441,2011
CHCO,1005802,2011
FLIC,1000450,2010
GE,1007940,2010
CHCO,1000461,2011
CHCO,1006727,2010
GE,1009583,2011
CHCO,1000471,2011
BAC,1000474,2011
CHCO,1000477,2011
NGS,1000479,2011
BCOW,1004293,2011
PCG,1000491,2010
CHCO,1000493,2010
TISI,1000523,2011
AEP,1000528,2010
CHCO,1000534,2011
CHCO,1007689,2010
CHCO,1000569,2010
CHCO,1000581,2010
RBCN,1000592,2010
VRS,1001296,2014
GPK,1004672,2010
HON,1000626,2010
BA,1000640,2010
BA,1000639,2011
CHCO,1000643,2011
EXC,1000653,2012
BTU,1000666,2010
CHCO,1000820,2010
CHCO,1003491,2011
CHCO,1000722,2011
CHCO,1001065,2010
SGU,1007053,2010
NGG,1009741,2011
SGU,1000782,2011
ATAX,1000782,2011
SGU,1000782,2011
CHCO,1000784,2010
ATUS,1000807,2012
SGU,1001406,2010
ALIN^A,1001406,2010
ALIN^B,1001406,2010
SGU,1000814,2011
EAI,1007353,2010
SGU,1001303,2010
DUK,1000841,2014
CHCO,1000851,2011
EPD,1009520,2010
CHCO,1004954,2010
UG,1000872,2011
CNST,1005995,2011
UGI,1011225,2010
CHCO,1000952,2011
DTB,1000989,2011
CHCO,1007434,2011
CHCO,1000996,2014
UAMY,1000999,2011
CHCO,1001059,2011
CHCO,1001059,2011
DUK,1001007,2014
AEP,1001018,2011
MINN,1001024,2010
NWE,1001027,2011
BKH,1001028,2011
MINN,1001030,2011
CHCO,1001032,2011
CHCO,1004423,2010
CHCO,1001047,2010
BLDP,1001036,2010
CHCO,1007431,2010
LECO,1007144,2010
PBF,1001056,2011
CHCO,1001059,2011
CHCO,1001060,2010
CHCO,1001060,2010
CHCO,1001060,2010
LNT,1001612,2010
CHCO,1001088,2010
CHCO,1001089,2011
CHCO,1006663,2010
NWE,1001117,2010
CHCO,1001117,2010
DTE,1001120,2012
CHCO,1005113,2010
CHCO,1001134,2011
AES,1001144,2010
PSX,1002255,2011
AESR,1001154,2010
D,1007183,2010
SWN,1001164,2010
AES,1007781,2010
SGU,1001225,2011
GWRS,1001231,2010
GE,1006678,2010
SBT,1001235,2013
CVA,1001245,2011
ASPU,1001256,2014
BEP,1001257,2013
QMCO,1009813,2011
NSTB,1001276,2011
BRK/A,1001278,2010
GE,1001278,2011
TAC,1001278,2011
CHCO,1001280,2011
AESR,1001299,2014
PCG,1001306,2010
BAC,1001316,2011
GNTX,1001340,2010
HSC,1001346,2011
EAI,1001347,2010
WM,1001351,2010
PII,1001352,2013
NGS,1001386,2013
NGS,1005747,2013
SGU,1007358,2010
SGU,1001406,2014
FSTR,1001406,2014
PNW,1001421,2011
NRG,1007609,2012
CHCO,1006097,2010
CHCO,1001459,2010
CHCO,1001487,2011
CHCO,1001487,2011
CHCO,1001487,2011
CHCO,1001487,2011
CHCO,1001500,2011
CHCO,1001500,2011
AEE,1001516,2011
CHCO,1001529,2011
AES,1001533,2010
AES,1001534,2010
AES,1001536,2010
IPLDP,1001551,2010
CHCO,1001568,2010
CHCO,1001580,2011
CHCO,1002843,2011
CHCO,1007455,2010
REYN,1001588,2011
ENLC,1010833,2014
CHCO,1007708,2010
BRK/A,1000520,2010
CHCO,1001614,2010
WM,1001627,2010
ASAI,1011271,2014
AEIS,1007212,2010
CHNR,1009370,2011
AEIS,1007124,2010
CVA,1005171,2010
COP,1007371,2011
CVX,1007371,2010
ARLP,1002923,2010
BEP,1008458,2012
BEP,1010556,2012
ARLP,1009772,2012
CHCO,1001679,2011
BTU,1001686,2011
REGI,1001691,2011
OXY,1005164,2010
CVX,1007425,2010
COG,1001767,2011
MMSI,1010657,2011
CHCO,1001770,2010
PEP,1005677,2011
CVX,1001799,2011
WTI,1010633,2011
MMLP,1007410,2011
HES,1002562,2010
CVA,1007914,2011
TM,1001828,2010
HMC,1001842,2010
VRS,1003164,2011
PESI,1001897,2011
SLCA,1002109,2010
AEIS,1010287,2014
AEMD,1001921,2010
CHCO,1001925,2010
CHCO,1001960,2011
CVX,1001962,2010
TSE,1001962,2014
VLO,1009080,2010
HRB,1001972,2011
JOUT,1001972,2011
JOAN,1001972,2011
COHN,1001972,2011
GRA,1001972,2011
CHCO,1001984,2011
RSG,1002473,2013
BEP,1001994,2012
NGS,1002001,2013
WM,1002004,2010
CTA^A,1002003,2011
WM,1002004,2011
KMB,1006065,2010
HBP,1002186,2013
OC,1010004,2011
PG,1007277,2010
USFD,1005415,2011
CHCO,1002065,2010
EXPR,1003142,2012
SPGI,1002772,2010
CHCO,1006615,2010
EXPR,1002931,2010
KMI,1002931,2010
EXPR,1002931,2013
CLMT,1003006,2013
ORAN,1002104,2010
ORAN,1007397,2010
AA,1002112,2011
CENX,1006853,2010
LECO,1002114,2011
ERII,1002277,2010
SGRP,1002131,2011
EP^C,1002133,2012
USFD,1002194,2010
USFD,1002144,2012
CVX,1006967,2010
UAMY,1002303,2010
CHCO,1007970,2010
CHCO,1002159,2011
WM,1002168,2010
CHCO,1002171,2011
MUR,1007059,2010
MDLZ,1002194,2012
K,1002258,2010
USFD,1002227,2011
GE,1002243,2011
CNP,1002244,2013
QMCO,1002251,2011
ARLP,1010320,2011
ARLP,1007367,2010
PPG,1008459,2010
COP,1007518,2010
ARLP,1002265,2011
COG,1002265,2011
AEHL,1002265,2011
SGU,1002265,2011
AMOV,1002265,2011
PATK,1002265,2011
POWL,1002265,2011
CHCO,1005667,2010
CRD/A,1002276,2010
BPMP,1002278,2011
AESR,1002312,2012
CHCO,1002328,2011
SGU,1002331,2011
SGU,1002334,2010
CHCO,1002340,2010
MRO,1002345,2011
CHCO,1002351,2010
BK,1002399,2011
BAC,1002405,2012
BPMP,1008292,2014
BAC,1002432,2012
MH^C,1007402,2011
WM,1002436,2013
ERII,1002447,2011
CHCO,1002799,2014
PBT,1002630,2011
CHCO,1002457,2013
BPMP,1010927,2013
CHCO,1002484,2010
EXTN,1007169,2011
GWRS,1002493,2014
MH^C,1004072,2011
VLO,1002505,2011
CHCO,1002511,2010
CHCO,1002513,2013
KMI,1002518,2011
CHCO,1002538,2010
NGS,1002539,2013
CHCO,1002545,2011
CHCO,1002546,2011
WM,1002547,2010
DOW,1002548,2012
BAC,1002549,2012
CHCO,1002550,2010
MH^C,1002551,2011
CHCO,1002554,2010
JELD,1002559,2012
WM,1007677,2010
LNT,1002571,2011
NSC,1002572,2011
BUD,1002915,2011
CHCO,1002581,2010
CHCO,1002593,2010
BAC,1002598,2010
BAC,1002601,2011
MHK,1002603,2010
PFE,1006941,2011
BEP,1002611,2013
CTA^A,1002616,2011
BAC,1002620,2012
NUE,1005976,2011
ABST,1002627,2011
DVN,1005858,2011
ERII,1002634,2011
CHCO,1002645,2010
AGRO,1002652,2013
GT,1002654,2011
GTS,1007573,2010
CHCO,1002656,2010
CVX,1002668,2010
WEN,1002668,2010
AESR,1002694,2010
CHCO,1002697,2010
CHCO,1002700,2010
CHCO,1002705,2010
CHCO,1002729,2010
WM,1002746,2011
SLCA,1002747,2010
CHCO,1005493,2011
MRO,1002345,2010
ERII,1002796,2010
CHCO,1002766,2010
HWKN,1002794,2010
AA,1007937,2010
WCN,1004679,2010
MS,1002833,2011
CHCO,1002855,2012
GSK,1002857,2010
COG,1002858,2011
CHCO,1002860,2010
RM,1002863,2010
BUD,1003258,2010
WM,1006149,2011
CHCO,1002902,2013
RRBI,1002909,2011
UG,1002921,2010
EXPR,1002931,2013
HCAP,1002934,2011
COG,1006244,2013
CHCO,1002957,2010
MHK,1008021,2011
BCC,1006522,2010
CHCO,1002964,2010
HCAP,1006244,2011
ABBV,1007514,2013
FCX,1002985,2014
GT,1003706,2010
CHCO,1003030,2010
WM,1003033,2010
CHCO,1003034,2010
HIHO,1003036,2011
PFE,1003040,2010
CTA^A,1003041,2011
CHCO,1003044,2014
CHNR,1011535,2014
NFG,1005663,2010
ARLP,1006795,2010
PAA,1003092,2013
PAA,1003245,2011
ERII,1003110,2010
AEHL,1003130,2011
AA,1003147,2010
CHCO,1003147,2010
VLO,1003150,2011
CHCO,1003163,2011
SNII,1003175,2011
CLMT,1003185,2011
MMM,1007698,2010
CHCO,1003227,2010
CHCO,1003228,2011
CHCO,1003263,2010
WCN,1007624,2010
EWBC,1003274,2014
CVX,1003286,2010
CX,1004758,2010
CHCO,1003328,2014
DRTT,1006545,2013
CHCO,1006629,2010
TRGP,1007352,2010
BUD,1003352,2011
CHCO,1003368,2011
CHCO,1005634,2010
ALB,1004307,2010
CHCO,1003428,2010
AESR,1008027,2010
BPMP,1003539,2011
CHCO,1003442,2010
CHCO,1003442,2012
CHCO,1003445,2010
COG,1008207,2011
WM,1003450,2012
SHW,1003455,2010
NUE,1002621,2010
RMCF,1003465,2011
CHCO,1003471,2011
TRP,1003473,2011
ADM,1005940,2010
TRN,1003482,2014
TWI,1003486,2010
RIO,1003490,2010
NLY,1003494,2010
MH^C,1003496,2014
WM,1003505,2010
GM,1003506,2011
INGR,1003513,2012
CHCO,1003524,2010
BUD,1006904,2010
COG,1006472,2013
STT^G,1003550,2011
MH^C,1003585,2011
AIRI,1004725,2011
CHCO,1003601,2010
WM,1003605,2011
WY,1003617,2011
BAC,1003617,2011
APWC,1003617,2011
SLCA,1003631,2010
MH^C,1003633,2014
AZEK,1003643,2010
NRG,1003647,2010
AEP,1007452,2011
TVC,1003667,2010
TVC,1003667,2011
CHCO,1003683,2010
CHSCL,1004657,2010
CHCO,1003704,2011
GT,1003706,2011
BSM,1010245,2011
HAL,1003913,2011
AIRI,1003780,2010
CHCO,1006318,2010
ARLP,1010917,2013
CVX,1006184,2010
CHCO,1003746,2010
COG,1003754,2011
ADI,1003759,2011
FCX,1006947,2010
CVX,1008031,2010
CHCO,1003812,2010
CHCO,1003813,2010
CHCO,1003818,2011
STT^G,1005666,2011
GT,1004610,2010
NGS,1005811,2011
MH^C,1003850,2011
GRA,1003857,2010
CHCO,1003865,2011
SBCF,1003883,2010
CHNR,1003883,2010
BAC,1007867,2010
WM,1007607,2010
CHCO,1003949,2010
ORAN,1003953,2013
CHCO,1003963,2011
CHCO,1003969,2010
NRG,1007243,2010
CHCO,1003979,2010
CAT,1003985,2010
CHCO,1003986,2011
CVX,1003991,2010
CLH,1009930,2011
INTC,1004371,2010
WU,1004015,2010
CMC,1005346,2010
CHCO,1004044,2011
AGRO,1006432,2011
CHCO,1004053,2010
CHCO,1004063,2010
CHCO,1004077,2010
CHCO,1004093,2014
STLD,1006972,2010
OGS,1004107,2014
OGS,1004336,2014
CHCO,1006280,2010
KVSB,1004125,2011
REGI,1004125,2011
CHCO,1004132,2010
CTA^A,1006145,2010
CHCO,1004159,2011
STT^G,1004171,2011
USFD,1004194,2011
TRGP,1004744,2011
XOM,1007410,2011
WTI,1004196,2011
DCP,1007410,2011
PPL,1004203,2011
WM,1004204,2010
MMM,1004206,2010
CHCO,1004207,2011
SD,1009875,2011
CHCO,1004214,2010
MH^C,1006919,2011
EFSC,1005018,2010
IPVF,1004244,2014
CMC,1004259,2011
ARLP,1010618,2012
CHCO,1005945,2011
IBM,1004300,2011
BMY,1004316,2011
ASAI,1004320,2012
CHCO,1004328,2010
CHCO,1004335,2010
IPI,1006467,2010
CHCO,1004341,2010
CHCO,1004348,2010
CHCO,1004364,2011
CHCO,1004378,2011
CHCO,1004387,2010
CHCO,1004391,2010
BPMP,1008416,2011
GGB,1004411,2011
RFP,1004416,2011
TVC,1007128,2010
CHCO,1004420,2010
CHCO,1004423,2011
NGS,1004429,2010
FMC,1006673,2010
CHCO,1004460,2010
WM,1004465,2011
CAT,1005990,2010
PKX,1004478,2011
BAC,1004544,2013
CIZN,1004507,2011
MT,1004509,2010
CHCO,1004519,2010
CHCO,1004523,2010
BEAM,1004528,2011
BEAM,1004529,2011
CHCO,1004533,2014
CHCO,1004541,2010
CHCO,1004543,2010
RM,1004550,2011
CHCO,1004565,2010
CHCO,1004566,2010
HIGA,1004570,2012
CHCO,1004572,2010
CHCO,1004573,2010
CHCO,1004577,2011
CHCO,1004582,2010
EXP,1007404,2010
CHCO,1004590,2012
CHCO,1004592,2010
NGS,1004602,2010
GE,1006605,2010
CDEV,1010839,2012
EPD,1004666,2010
ASML,1004629,2011
POST,1004633,2012
BK,1004653,2010
CHCO,1004676,2010
WM,1006292,2012
ARLP,1009833,2012
WM,1004696,2010
TGI,1004700,2011
WM,1004702,2014
ACB,1004719,2011
EPD,1004727,2011
MMLP,1004727,2011
WTI,1004727,2011
SRLP,1004739,2012
USFD,1006355,2010
ERII,1004947,2013
ABEV,1004870,2011
CHCO,1004751,2010
ADV,1004752,2012
CHCO,1004755,2010
ATO,1004794,2011
EPD,1010448,2010
CHCO,1004828,2010
TREC,1004829,2014
MMM,1006665,2010
CHCO,1004848,2011
OC,1004852,2010
NRG,1004854,2013
SMHI,1004861,2011
CHCO,1004868,2010
NGS,1004872,2011
LYB,1004880,2011
MCHP,1004883,2011
CHCO,1004884,2010
CHCO,1004897,2011
WY,1004901,2011
CHCO,1004910,2010
NGS,1004919,2011
CHNR,1004924,2011
SRE,1007125,2010
TM,1004949,2010
AMOV,1004956,2011
WM,1004956,2011
BAC,1005981,2011
BPMP,1004973,2012
CHCO,1004993,2014
CNP,1004995,2011
THS,1004996,2010
XOM,1007959,2010
SHW,1005031,2011
EPD,1005036,2011
AQN,1005044,2011
AIH,1005068,2010
ARNA,1005071,2011
SGU,1007410,2011
ALIN^E,1007410,2011
COG,1007410,2011
COG,1005071,2011
WTI,1007410,2011
DIAX,1005080,2011
CHCO,1005083,2010
CHCO,1005085,2010
CHCO,1005092,2010
SGU,1005097,2010
SUM,1005987,2011
CBT,1006435,2010
CNP,1005140,2011
AIRI,1005141,2011
CRC,1008409,2014
CVA,1007914,2010
CHCO,1005201,2010
AIRI,1006943,2010
AIRI,1005211,2011
ASML,1005217,2011
CHCO,1005225,2011
CHCO,1005237,2010
CWST,1005379,2010
ALEX,1005265,2011
WM,1005282,2010
GEVO,1005284,2010
CHCO,1005285,2011
CHCO,1005291,2011
CHCO,1005301,2011
CHCO,1005314,2011
CHCO,1005316,2010
CHCO,1005318,2010
CHCO,1005329,2010
CX,1005331,2010
CNP,1005332,2011
AOUT,1005337,2011
JLL,1005339,2012
SJM,1005340,2010
TRHC,1005343,2013
CLMT,1005363,2011
MH^C,1005366,2010
BKSC,1005381,2011
CHCO,1005388,2011
CHCO,1005399,2011
UNFI,1005520,2014
WOR,1005418,2011
RFP,1005422,2012
CHCO,1005426,2011
NGS,1005428,2010
AAL,1005432,2014
CHCO,1005436,2010
IPI,1006411,2011
IPI,1005439,2010
MH^C,1004503,2010
CHCO,1005450,2010
CHCO,1005451,2011
CHCO,1005462,2010
WM,1005851,2010
CHCO,1005478,2013
CHCO,1005482,2010
NGS,1005481,2013
GF,1005495,2013
STT^G,1005509,2011
CHCO,1005510,2011
CHCO,1005514,2010
ORAN,1005524,2010
CHCO,1005531,2011
MNDO,1005533,2010
CWBC,1005542,2011
CHCO,1005568,2011
CHCO,1005568,2010
NWE,1005574,2011
CHCO,1005583,2010
STLD,1005584,2010
ALB,1005594,2011
SXC,1007287,2010
TROX,1005608,2011
CHCO,1005619,2010
CHCO,1005620,2011
ARLP,1005621,2012
ASH,1005623,2010
CHCO,1005665,2010
NUE,1005700,2014
CHCO,1005701,2010
CHCO,1005723,2010
ULCC,1005727,2010
PCM,1005754,2011
SCHN,1005755,2010
CREE,1005759,2011
OVBC,1005764,2013
BDC,1005773,2011
CHCO,1005776,2010
CHCO,1008498,2010
CHCO,1005782,2010
BEP,1005803,2013
OVBC,1008766,2013
AIRI,1005202,2010
CHCO,1005827,2010
XEC,1005858,2011
CVX,1005858,2011
LNT,1005862,2010
SLCA,1005884,2012
HA,1007845,2010
CHCO,1005895,2010
SNP,1005911,2011
CHCO,1005917,2010
CHCO,1005928,2011
CHCO,1005928,2011
AZEK,1005928,2011
RM,1005964,2010
REGI,1005969,2011
CF,1006005,2010
UAMY,1006008,2011
ABB,1006009,2011
CHCO,1006024,2010
CHCO,1006026,2010
CHCO,1007018,2010
WM,1006036,2011
GRA,1006046,2011
UAMY,1006965,2010
SGU,1006382,2010
ALIN^E,1006074,2011
BK,1006075,2011
CHCO,1006089,2012
HA,1010344,2011
CHCO,1006107,2010
AIRI,1006115,2010
CHCO,1006118,2010
GSK,1006128,2010
HL,1006162,2011
VRS,1006174,2010
CHCO,1006178,2011
JVA,1006186,2010
GF,1006187,2011
NAV,1006190,2010
RM,1006216,2014
WM,1006219,2010
CHCO,1006224,2010
VIST,1006227,2010
CHCO,1006230,2010
IPI,1006467,2011
CHCO,1006276,2010
ERII,1006283,2010
CHCO,1006286,2010
PPL,1006288,2010
CEE,1006294,2013
USFD,1006296,2011
CHCO,1006299,2010
PSX,1006301,2012
IGR,1006313,2011
ATAX,1006316,2010
CHCO,1006344,2011
CHCO,1006344,2011
CHCO,1006350,2010
ENNV,1006369,2014
SGU,1006384,2010
AQN,1006409,2011
CHCO,1006414,2010
CHCO,1006421,2010
MDWT,1006524,2010
USFD,1006445,2011
FDP,1006447,2013
HBP,1006449,2013
CHCO,1006455,2011
DRTT,1003337,2010
REGI,1006469,2011
MH^C,1006474,2011
RXN,1006482,2011
KMI,1006483,2013
CHCO,1006486,2011
ALPN,1006508,2011
GEL,1006508,2011
NGS,1006524,2011
CHCO,1006526,2010
OVBC,1006535,2011
TWI,1006540,2011
TSN,1002883,2010
CHCO,1006544,2011
DRTT,1006545,2014
CHCO,1006561,2010
CHCO,1006563,2011
BAC,1006564,2011
ATUS,1006565,2011
UAMY,1006568,2011
NGS,1007102,2010
AZO,1006588,2011
FMBI,1006610,2011
CHCO,1006628,2011
CHCO,1006634,2011
CHCO,1006654,2011
FLR,1006675,2010
CHCO,1006684,2010
NGS,1006688,2014
UAMY,1006690,2011
WY,1006703,2010
CHCO,1006716,2012
WM,1006724,2010
CHCO,1006727,2010
BAC,1006733,2010
NGS,1006762,2011
USFD,1006765,2010
MH^C,1003850,2010
ALIN^E,1006769,2010
PESI,1006777,2011
CHCO,1006789,2011
WM,1006805,2011
CHCO,1006807,2011
CHCO,1006817,2011
CENX,1006853,2011
CHCO,1006858,2011
CHCO,1006862,2010
CE,1007868,2010
ATO,1006887,2011
USFD,1006896,2011
BAC,1006911,2012
FMC,1006917,2011
USFD,1006937,2011
CHCO,1006957,2011
CHCO,1006960,2010
CHCO,1006986,2010
NGS,1006992,2010
CHCO,1007020,2012
SGU,1007037,2011
DOW,1007056,2010
PPL,1007058,2010
WGO,1007224,2010
CLH,1007072,2011
CHCO,1007090,2011
IPLDP,1007101,2011
NGS,1007146,2010
BKSC,1007121,2010
CHCO,1007136,2010
STT^G,1007163,2011
AFI,1007168,2011
AIRI,1007253,2011
CHCO,1007276,2011
CHCO,1007279,2010
AIRI,1008560,2010
CHCO,1007290,2010
PBF,1007322,2012
CHCO,1007322,2010
NGG,1007326,2010
XOM,1007329,2010
BKSC,1007355,2011
UGI,1007356,2010
ASML,1007385,2011
CPLP,1007388,2012
IP,1007391,2012
ETR,1007410,2011
COG,1007410,2011
NWE,1007420,2010
GPOR,1007464,2011
AIRI,1007466,2012
HPQ,1007515,2010
CDE,1007526,2013
PLYM,1007529,2011
JRVR,1007534,2011
NEM,1000446,2010
BFRA,1007551,2010
RFP,1007559,2011
ANDE,1007565,2011
CHCO,1007575,2010
WM,1007590,2011
CHCO,1007600,2010
ARLP,1007604,2010
CHCO,1007605,2010
CHCO,1007654,2010
CX,1008033,2010
CHCO,1007712,2010
LIN,1007715,2010
CHCO,1007733,2010
BAX,1007735,2011
QCOM,1007738,2010
BCOW,1007973,2011
LXU,1007770,2010
ALIN^E,1009350,2012
CHCO,1007780,2010
AIRI,1007791,2011
SGU,1007795,2014
CHCO,1007802,2010
CPLP,1007825,2012
PBF,1007844,2010
CHCO,1007858,2014
ENLC,1011208,2014
DIS,1007870,2010
CX,1007877,2010
SYK,1007887,2011
CHCO,1007911,2010
HFC,1007972,2010
REGI,1007933,2013
CHCO,1007939,2011
CHCO,1007948,2012
MDWT,1007949,2010
BRK/A,1009168,2010
CHCO,1007970,2011
CHCO,1007993,2010
IPVF,1008017,2011
UAMY,1008024,2011
MGEE,1008035,2013
RRC,1008051,2011
TPHS,1008054,2011
CHCO,1008058,2011
CHCO,1008060,2011
WLL,1004197,2010
MH^C,1008063,2011
COG,1008081,2014
SLCA,1010521,2012
CHCO,1008098,2011
COP,1008018,2010
DEN,1008942,2011
KMI,1008185,2012
NGS,1009609,2011
ORAN,1008215,2010
ARLP,1008240,2012
AOSL,1008262,2012
AGRO,1010719,2012
COG,1009258,2011
FFWM,1008755,2011
BNED,1008330,2011
EOG,1006031,2010
ARLP,1008368,2013
NGS,1008373,2011
COG,1008418,2011
ARLP,1008460,2012
CLR,1009571,2011
ARLP,1008483,2011
ATCO,1008083,2011
CHCO,1008498,2011
SLCA,1008734,2011
COG,1008794,2011
SD,1008809,2011
SD,1008803,2011
RRC,1008918,2011
HBP,1008992,2011
GGPI,1008999,2011
NGS,1009033,2011
LPI,1009056,2011
WM,1006292,2010
EPD,1009093,2012
COG,1009126,2013
SGU,1009167,2011
REVG,1010420,2012
REVG,1010420,2012
JCTCF,1010420,2012
COG,1010420,2012
PDCE,1009286,2011
GDP,1009400,2011
MNDO,1009414,2011
FANG,1009434,2013
WM,1009444,2011
MS,1009469,2011
MS,1009472,2011
COG,1009485,2011
CHCO,1009494,2011
JLL,1009547,2011
AMR,1005297,2010
GJO,1009674,2011
PPL,1009569,2011
COG,1009584,2014
MDU,1009587,2014
AB,1009588,2011
ERF,1009595,2011
AMOV,1009615,2011
BAC,1009621,2011
SWKS,1009735,2011
CHNR,1009629,2014
MGY,1009675,2013
LPI,1009683,2011
MOS,1009795,2010
COG,1009720,2011
COG,1009732,2011
COG,1009742,2011
COG,1009777,2011
SCE^J,1009888,2011
NGS,1009781,2012
COG,1009786,2013
GJO,1009793,2011
BSM,1009802,2011
HMC,1009814,2011
ARLP,1009850,2013
FE,1009854,2011
CHNR,1009859,2012
AMOV,1009865,2011
WTI,1009871,2011
TRN,1010756,2012
AMR,1009923,2011
KMI,1002678,2010
NWE,1007306,2010
SLCA,1009941,2011
CHNR,1009956,2014
NGS,1009964,2011
MXIM,1010005,2011
HES,1010020,2012
AMD,1010033,2011
USFD,1010046,2011
TRGP,1010047,2013
CHCO,1001134,2010
CHCO,1010082,2011
AMR,1010090,2011
SAFM,1010104,2011
AACG,1010106,2012
OVBC,1010107,2013
RLX,1011101,2013
BHK,1010117,2011
MH^C,1010142,2011
CHCO,1010159,2011
AR,1010807,2012
USFD,1010187,2011
IR,1010710,2011
CHCO,1010207,2011
BKH,1010224,2011
LII,1010232,2011
AAWW,1010237,2012
TALO,1010245,2014
MH^C,1010247,2011
BAC,1010248,2011
AIRI,1010260,2011
BAC,1010267,2011
CHNR,1010294,2014
NEE,1010316,2012
AEP,1010321,2011
OAS,1010325,2012
BAC,1010326,2012
MAYS,1010330,2011
ARLP,1010613,2012
CHCO,1010364,2012
HES,1010388,2014
MMSI,1010407,2011
QMCO,1010422,2012
AMOV,1010422,2012
COP,1006012,2010
REVG,1010422,2012
WTI,1010422,2012
GLP,1010430,2012
MGY,1010437,2012
MMSI,1010440,2011
AGRO,1010454,2012
TPVG,1010466,2012
ENB,1010475,2014
BBU,1010481,2013
EP^C,1010481,2013
ARLP,1010498,2012
BEP,1010538,2012
CRK,1010548,2012
CCF,1010562,2012
HUN,1010589,2012
ARLP,1010592,2012
CHCO,1010601,2012
HBP,1010614,2012
COG,1010616,2012
COG,1010621,2012
CPLP,1010632,2011
EQH,1010639,2010
ALE,1010640,2011
GE,1010642,2013
IR,1010650,2012
WTI,1010655,2012
REGI,1010658,2012
CHCO,1010661,2011
CYH,1010663,2012
USFD,1010674,2012
AMR,1010703,2012
COG,1010707,2012
WTI,1010719,2012
INT,1010720,2012
CHNR,1010752,2012
AEP,1010734,2012
WM,1010773,2012
GJO,1010779,2012
TRGP,1010789,2012
COG,1010931,2010
CHCO,1010935,2011
BTT,1010938,2012
LNN,1010950,2014
CHCO,1010955,2013
CHCO,1010957,2010
CHCO,1010961,2013
WM,1010983,2013
ENLC,1010989,2014
CTA^A,1010991,2013
EP^C,1011007,2014
CHCO,1011031,2010
TG,1011034,2013
CHCO,1011061,2013
CHCO,1011066,2010
KMF,1011291,2013
KMI,1011085,2013
CRT,1011100,2013
JCI,1011102,2013
NGS,1011116,2010
AXAS,1011185,2014
NGS,1011614,2014
AAMC,1011204,2014
AMR,1011212,2013
MH^C,1011214,2011
COG,1011223,2013
ORAN,1011227,2010
NOA,1011242,2013
MTRN,1011243,2013
USFD,1002194,2011
AEO,1011250,2013
CHCO,1011254,2010
CHCO,1011256,2010
SHW,1011268,2014
SGU,1011270,2013
NGS,1011270,2013
COG,1011276,2014
PCG,1011288,2014
BRK/A,1000620,2010
CHCO,1011331,2010
COG,1011332,2013
CHCO,1011341,2011
PAA,1011361,2011
TSLA,1011389,2013
CARR,1011406,2011
MH^C,1011427,2014
COG,1011463,2014
HES,1011470,2014
WM,1011531,2014
ARLP,1011547,2014
DAR,1011551,2014
CTA^A,1011559,2014
NGG,1011637,2014
CHCO,1011612,2014
DTB,1011615,2014
CHCO,1011631,2014
BPMP,1011635,2014
IEA,1011650,2014
COG,1011652,2014
AR,1010718,2012
VCKA,1011684,2014
GDP,1011689,2014
CDEV,1011690,2014
QCOM,1011718,2013
USAC,1011743,2014
CHNR,1011735,2014
WM,1011741,2014
ALIN^E,1011752,2014
OVLY,1011773,2014
VSH,1011798,2011
SGU,1011813,2014
BRKS,1011844,2011
ROCC,1000011,2011
AAMC,1008269,2010
AZRE,1007204,2010
FE,1007950,2010
ATI,1007843,2010
GLT,1000183,2011
BIIB,1000383,2011
SSP,1000491,2010
EP^C,1006966,2010
VRS,1001296,2010
CMS,1007732,2010
AEP,1006633,2010
ASPU,1001256,2011
AESR,1001299,2013
RAVN,1001481,2013
CHCO,1001502,2010
RAVN,1005995,2012
JRVR,1008990,2011
RYAM,1010287,2011
RSG,1008030,2010
RSG,1007680,2010
AB,1002103,2010
SGU,1002229,2010
DCP,1002422,2010
CHCO,1002799,2010
RSG,1002478,2012
RSG,1007963,2010
COG,1009803,2011
HBP,1002971,2010
COG,1002985,2013
CHCO,1003044,2010
ENB,1003090,2011
CNP,1003657,2010
CVX,1003286,2010
CHCO,1003386,2010
MH^C,1005418,2011
GT,1003427,2010
ETI^,1007927,2010
AAU,1003526,2010
CHCO,1003549,2011
XOM,1003555,2011
RSG,1007112,2011
BPMP,1006331,2011
JVA,1003772,2012
AAMC,1006369,2010
WM,1004073,2010
OKE,1004336,2011
MH^C,1004569,2011
CHCO,1004592,2011
AAMC,1006714,2010
CHCO,1004993,2010
RM,1005039,2010
VMC,1005458,2011
CHCO,1005466,2010
USFD,1005520,2011
AEP,1005540,2012
CHCO,1005701,2011
NGS,1005728,2011
MH^C,1005823,2011
AMOV,1005880,2011
CHCO,1005910,2010
CHCO,1006014,2010
CSGP,1006087,2012
RM,1006218,2010
DVN,1010832,2010
SSP,1006630,2010
T,1006680,2011
CNP,1006682,2011
NGS,1006688,2011
CHCO,1007078,2011
SCE^J,1007245,2011
CHCO,1007258,2011
NRG,1007313,2012
CWBC,1007344,2012
NRG,1007365,2012
NRG,1007365,2012
CLMT,1007765,2011
ETI^,1004379,2010
CHCO,1007712,2013
MDU,1009508,2010
ACIW,1007908,2011
RSG,1007925,2012
DVN,1009278,2013
XEC,1005058,2010
XEC,1008700,2011
XEC,1008702,2011
PVAC,1008716,2011
MMSI,1009244,2013
CHNR,1009629,2011
PHCF,1009898,2011
SD,1009957,2013
RFP,1009956,2011
SWN,1010205,2011
AR,1010183,2011
CHNR,1010294,2011
NGS,1010314,2011
CHNR,1010340,2011
CHCO,1010365,2010
HES,1010388,2012
AGRO,1010464,2012
XEL,1007207,2010
CHNR,1010932,2013
AAU,1011200,2011
CHCO,1011215,2013
BPMP,1011219,2013
CNP,1011285,2013
NRG,1000087,2010
WLMS,1009593,2011
PCG,1008035,2010
AEE,1001168,2011
ERII,1000362,2011
ASML,1000870,2011
AESR,1001235,2011
BEP,1001257,2011
ALP^Q,1001301,2011
ALP^Q,1001312,2011
RAVN,1001481,2012
CHCO,1001567,2010
REGI,1001698,2011
AGRO,1001767,2011
BEP,1001857,2012
BEP,1001927,2012
CLFD,1002539,2012
ARLP,1008238,2012
EXPR,1002931,2011
KMI,1002097,2012
EXPR,1002931,2011
KMI,1002816,2011
WM,1002436,2011
QCON,1002442,2011
CHCO,1002457,2010
CHCO,1002513,2011
SUN,1002611,2010
COO,1008046,2010
ARLP,1002836,2012
KMI,1002849,2012
KMI,1002931,2011
LECO,1002956,2011
COG,1003025,2011
AEP,1003132,2011
CHCO,1003393,2010
BLDP,1003663,2010
BLDP,1003641,2012
SGU,1003662,2012
WM,1003744,2010
CHCO,1003828,2011
CHCO,1003946,2012
ORAN,1003953,2011
CHCO,1003987,2010
USFD,1004640,2011
WM,1004548,2010
WM,1006293,2011
BAC,1004544,2011
UVV,1004508,2012
BAC,1004644,2011
KMI,1004709,2012
BCOW,1004733,2012
ADS,1004854,2011
AAPL,1005343,2011
CHCO,1005419,2010
GPL,1005472,2011
USFD,1005521,2011
CEE,1006294,2012
FDP,1006447,2010
REGI,1006490,2012
REGI,1006491,2012
ARLP,1006743,2012
UVV,1006810,2012
BANC,1006882,2012
CHCO,1006978,2010
CHCO,1007091,2012
PZG,1007129,2010
BEP,1007191,2012
NRG,1007303,2010
BEP,1007323,2010
XOM,1007542,2010
STBA,1007618,2011
MHK,1007977,2011
DVN,1009278,2012
ARLP,1008239,2012
ALJJ,1008263,2011
ARLP,1008368,2012
COG,1009244,2012
FI,1010420,2012
SRL,1009244,2012
MDC,1009244,2012
WM,1009967,2011
EAI,1010061,2012
CVM,1010158,2011
AR,1010181,2011
AR,1010182,2011
CCK,1010186,2011
AR,1010809,2012
CHCO,1010961,2010
CHCO,1011061,2011
PAA,1011361,2012
EURN,1007549,2010
JRVR,1000252,2011
PGRWU,1009594,2011
CNST,1005995,2010
DUK,1001120,2010
IDA,1001197,2010
SUN,1005598,2010
SUN,1001321,2010
CHCO,1001305,2011
CHCO,1001502,2011
PESI,1008034,2011
CVX,1001767,2011
CLFD,1002539,2011
KMI,1002912,2010
CHCO,1002359,2010
WM,1002490,2010
CMII,1002559,2011
BAC,1002620,2011
DEA,1006938,2011
SWX,1003115,2011
CHCO,1003442,2010
CHCO,1003532,2010
CHCO,1003639,2010
JVA,1003772,2011
BPMP,1009833,2011
CHCO,1004285,2010
CPLP,1006810,2011
BGNE,1007403,2010
MLI,1006015,2011
NGS,1007779,2011
COG,1008574,2011
JLL,1005339,2011
AESR,1005422,2010
AB,1005467,2011
CHCO,1005478,2010
CHCO,1005973,2011
PBC,1007714,2011
BOH,1006173,2010
RM,1006216,2011
COP,1006301,2011
AMER,1006315,2011
REGI,1006490,2011
BAC,1006606,2010
CHCO,1006716,2011
AB,1006747,2010
BANC,1006882,2010
BAC,1006911,2011
CHCO,1007020,2011
ARLP,1006394,2010
NGS,1007119,2011
NGS,1007146,2011
IP,1007391,2011
CHCO,1007583,2010
CHCO,1007709,2010
CHCO,1007753,2010
ATAX,1007795,2011
CHCO,1007813,2011
CHCO,1007814,2010
CHCO,1003723,2010
CHCO,1007948,2011
EP^C,1009350,2011
IMTE,1008262,2011
COG,1009435,2011
NGS,1009800,2011
USFD,1010674,2011
INT,1010720,2010
CHCO,1011040,2011